{"Accuracy": 40.32, "Precision": 0.709903326701358, "Recall": 0.4032, "F1 Score": 0.4239488821316646, "_timestamp": 1713190731.8442283, "_runtime": 61.85470938682556, "_step": 0, "_wandb": {"runtime": 65}}