{"test_accuracy": 40.38, "_timestamp": 1712577319.0867434, "_runtime": 29.312249422073364, "_step": 0, "_wandb": {"runtime": 26}}