{"test_accuracy": 29.43, "_timestamp": 1712576435.7243807, "_runtime": 30.936538696289062, "_step": 0, "_wandb": {"runtime": 27}}