{"Accuracy": 33.49, "Precision": 0.3299235256832331, "Recall": 0.3349, "F1 Score": 0.3313473260465614, "_timestamp": 1713187223.024687, "_runtime": 45.497807025909424, "_step": 0, "_wandb": {"runtime": 52}}