{"epoch": 29, "average_loss": NaN, "lr": 0.00040322676341324415, "_timestamp": 1713006535.184759, "_runtime": 7206.330911874771, "_step": 44, "average_val_loss": NaN, "val_accuracy": 1.0}