{"epoch": 45, "average_loss": NaN, "lr": 0.0002891086162600578, "_timestamp": 1713006555.4317112, "_runtime": 7207.041110277176, "_step": 68, "average_val_loss": NaN, "val_accuracy": 1.0}