{"test_accuracy": 29.459999999999997, "_timestamp": 1712576587.7798235, "_runtime": 30.99537444114685, "_step": 0, "_wandb": {"runtime": 27}}