{"epoch": 15, "average_loss": NaN, "trn_accuracy": 1.0, "average_val_loss": NaN, "val_accuracy": 1.0, "lr": 0.00047275163104709196, "_timestamp": 1713010662.95474, "_runtime": 3712.3477981090546, "_step": 15}