{"Accuracy": 79.52, "Precision": 0.7985949184924205, "Recall": 0.7951999999999998, "F1 Score": 0.7956106396632101, "_timestamp": 1713186554.0887635, "_runtime": 47.43661546707153, "_step": 0, "_wandb": {"runtime": 55}}