{"epoch": 199, "average_loss": NaN, "trn_accuracy": 1.0, "average_val_loss": NaN, "val_accuracy": 1.0, "lr": 4.998766400914333e-05, "_timestamp": 1713058790.224766, "_runtime": 48087.1956140995, "_step": 200, "test_accuracy": 1.0, "_wandb": {"runtime": 48086}}