{"Accuracy": 85.63, "Precision": 0.8607234594050568, "Recall": 0.8563000000000001, "F1 Score": 0.8573470726094803, "_timestamp": 1713190823.306928, "_runtime": 41.975180864334106, "_step": 0, "_wandb": {"runtime": 50}}