{"epoch": 60, "average_loss": NaN, "lr": 0.00017274575140626327, "_timestamp": 1713006585.5222383, "_runtime": 9495.304598331451, "_step": 91, "average_val_loss": NaN, "val_accuracy": 1.0}