{"Accuracy": 85.63, "Precision": 0.8607234594050568, "Recall": 0.8563000000000001, "F1 Score": 0.8573470726094803, "_timestamp": 1713186156.7392125, "_runtime": 43.3153555393219, "_step": 0, "_wandb": {"runtime": 50}}