{"test_accuracy": 40.410000000000004, "_timestamp": 1712577457.2451272, "_runtime": 33.5566041469574, "_step": 0, "_wandb": {"runtime": 30}}