{"epoch": 3, "average_loss": 0.9475454254376005, "_timestamp": 1712545502.0366127, "_runtime": 324.43644666671753, "_step": 2, "_wandb": {"runtime": 347}}