{"Accuracy": 85.63, "Precision": 0.8607234594050568, "Recall": 0.8563000000000001, "F1 Score": 0.8573470726094803, "_timestamp": 1713190740.644643, "_runtime": 58.042163133621216, "_step": 0, "_wandb": {"runtime": 60}}