{"Accuracy": 40.32, "Precision": 0.709903326701358, "Recall": 0.4032, "F1 Score": 0.4239488821316646, "_timestamp": 1713187373.6938226, "_runtime": 40.248329639434814, "_step": 0, "_wandb": {"runtime": 48}}